[{"id":"5d8886c7a9753825e10a367abc931e11e92799f4b94d585f05651455c6d65c93","cmd":"menu","sticker":{"stickerMessage":{"url":"https://mmg.whatsapp.net/d/f/AuWDS_9pZrze3PUdjfkoOqX5lidrjSo9Kex915G4siLu.enc","fileSha256":"XYiGx6l1OCXhCjZ6vJMeEeknmfS5TVhfBWUUVcbWXJM=","fileEncSha256":"zYP4SekwAKkNIHKjYyp3XOucYNl8ITox6ruhha/g8mY=","mediaKey":"kA78u/qQVg698er46rHytHaPDDYJZ8HxhSjIn+ynEv0=","mimetype":"image/webp","height":64,"width":64,"directPath":"/v/t62.7118-24/11781231_379544450567586_3925972634896948289_n.enc?ccb=11-4&oh=087274d7a1e0368cc01c8374de59b35c&oe=618768C5","fileLength":"14142","mediaKeyTimestamp":"1633736776","isAnimated":false}}},{"id":"62ed7ffeb71aca54a67c4c549a005c3f3970d3e802f270589c9c732458c6c8fc","cmd":".help","sticker":{"stickerMessage":{"url":"https://mmg.whatsapp.net/d/f/Aux0NIihAoXjCsZ956823nH-C_PKK9_3Te50moHh2vC5.enc","fileSha256":"Yu1//rcaylSmfExUmgBcPzlw0+gC8nBYnJxzJFjGyPw=","fileEncSha256":"BtXy1Scyrgv7hAYPb4iz7MwIq4iPeXU6vajdsZzH6Tw=","mediaKey":"fR9kjf2s9DqIcVL+3YVPNfTGbQCGa1446aKha3F64Hc=","mimetype":"image/webp","height":64,"width":64,"directPath":"/v/t62.7118-24/30910879_3214063618820852_8133785228516549818_n.enc?ccb=11-4&oh=c7d36a56c4ba77413c5132f726404c5f&oe=61866B8F","fileLength":"20148","mediaKeyTimestamp":"1633577797","isAnimated":false}}}]