[{"idgc":"6281804680327-1627648944@g.us","textwel":"Hi @user👋"},{"idgc":"6285718366706-1630935139@g.us","textwel":"Hii @user👋"},{"idgc":"628983583288-1620319322@g.us","textwel":"Woi konltlo @user👋"},{"idgc":"6285754337101-1605020243@g.us","textwel":"Hi @user👋"},{"idgc":"6282130301023-1630836135@g.us","textwel":"Hi @user👋"},{"idgc":"6281903153426-1626053991@g.us","textwel":"Welcome @user👋"},{"idgc":"628871746203-1627949433@g.us","textwel":"Hallo @user👋"},{"idgc":"6283131715168-1633004405@g.us","textwel":"Hi @user👋"},{"idgc":"6281357628922-1632575072@g.us","textwel":"Hallo @user👋"},{"idgc":"6281365814200-1632973383@g.us","textwel":"Haloo @user👋"},{"idgc":"6283801551652-1605769711@g.us","textwel":"Hai @user, welcome to *@subject*"},{"idgc":"62856047569642-1632583322@g.us","textwel":"*_Hallo Kak @user_*\n*_Selamat Datang Di Gc @subject_*"}]